"","Area","Velocity","Points","Class","State"
"1",0.078138315,0.18767297,0.731147542,1,NA
"2",0,0,0.750819673,1,NA
"3",0.002489882,0,0.73442623,1,NA
"4",0.137602436,0.171708766,0.685245902,1,NA
"5",0.185862711,0.144871521,0.695081967,1,NA
"6",0.240895212,0,0.668852459,1,NA
"7",0.323172392,0,0.740983607,1,NA
"8",0.033283904,0,0.826229509,1,NA
"9",0.251807419,0,0.852459017,1,NA
"13",0.015744829,0,0.842622951,1,NA
"14",0.007982253,0,0.875409837,1,NA
"15",0.009520124,0,0.849180329,1,NA
"16",0.016587,0,0.842622951,1,NA
"18",0.210882262,0,0.659016394,1,NA
"19",0.122152051,0,0.754098361,1,NA
"20",0.031282881,0,0.790163935,1,NA
"21",0.011802689,0,0.793442623,1,NA
"22",0.013941694,0,0.760655738,1,NA
"24",0.009167146,0,0.793442623,1,NA
"25",0.019632893,0,0.793442623,1,NA
"26",0.016653579,0,0.777049181,1,NA
"27",0.009816479,0,0.731147542,1,NA
"28",0.416685117,0.171048179,0.606557378,1,NA
"29",0.313897574,0,0.550819673,1,NA
"31",0.008403212,0,0.573770492,1,NA
"33",0.046293975,0,0.619672131,1,NA
"34",0.006226011,0,0.616393443,1,NA
"35",0.002329982,0,0.583606558,1,NA
"36",3.82e-05,0,0.613114755,1,NA
"38",0.000114589,0,0.596721312,1,NA
"39",0.029678623,0,0.652459017,1,NA
"40",0.131319197,0,0.655737706,1,NA
"42",0.060121148,0,0.639344263,1,NA
"43",0.163519047,0,0.593442623,1,NA
"45",0.005309296,0,0.649180329,1,NA
"46",0.004392581,0,0.659016394,1,NA
"51",0.327382138,0.141822387,0.891803279,1,NA
"52",0.33899358,0,0.747540985,1,NA
"53",0.133954787,0,0.786885246,1,NA
"54",0.137659936,0,0.809836066,1,NA
"55",0.043620317,0,0.767213115,1,NA
"56",0.010924169,0,0.740983607,1,NA
"58",0.016195334,0,0.773770493,1,NA
"59",0.022803184,0,0.809836066,1,NA
"60",0.020702453,0,0.839344262,1,NA
"61",0.031817581,0,0.75737705,1,NA
"62",0.017073758,0,0.803278689,1,NA
"64",0.052099856,0,0.84590164,1,NA
"65",0.020664226,0,0.767213115,1,NA
"67",0.026661081,0,0.803278689,1,NA
"68",0.011879078,0,0.714754099,1,NA
"69",0.00496554,0,0.714754099,1,NA
"70",0.002559152,0,0.767213115,1,NA
"72",0.002406371,0,0.793442623,1,NA
"74",0.003093916,0,0.783606558,1,NA
"76",0.002597364,0,0.760655738,1,NA
"77",0.005347491,0,0.763934427,1,NA
"78",0.057943962,0,0.819672132,1,NA
"79",0.233571561,0.132750317,0.626229509,1,NA
"81",0.001871624,0,0.659016394,1,NA
"82",0.00607323,0,0.626229509,1,NA
"83",0.003323086,0,0.655737706,1,NA
"84",0.008899764,0,0.662295082,1,NA
"85",0.012604817,0,0.600000001,1,NA
"87",0.2382687,0,0.701639345,1,NA
"90",0.001451464,0,0.649180329,1,NA
"91",0,0,0.626229509,1,NA
"92",0,0,0.62295082,1,NA
"93",0,0,0.639344263,1,NA
"94",0.000458357,0,0.600000001,1,NA
"96",0.233800923,0,0.718032787,1,NA
"97",0.111609849,0,0.786885246,1,NA
"98",0.015431352,0,0.767213115,1,NA
"99",0.00813583,0,0.822950821,1,NA
"100",0.010465811,0,0.783606558,1,NA
"101",0.003323086,0,0.783606558,1,NA
"102",0.010733193,0,0.786885246,1,NA
"103",0.162936086,0,0.701639345,1,NA
"104",0.084299865,0.165099413,0.688524591,1,NA
"105",0.046603932,0,0.695081967,1,NA
"106",0.106539997,0,0.750819673,1,NA
"107",0.215085636,0,0.583606558,1,NA
"109",0.014284096,0,0.524590164,1,NA
"110",0.098288228,0,0.527868853,1,NA
"111",0.181328037,0,0.619672131,1,NA
"112",0.090976046,0,0.659016394,1,NA
"113",0.114102726,0,0.665573771,1,NA
"116",0.12294526,0,0.691803279,1,NA
"118",0.099081756,0,0.636065574,1,NA
"119",0.039224534,0,0.704918033,1,NA
"120",0.171013126,0,0.577049181,1,NA
"121",0.285284688,0.11814901,0.75737705,1,NA
"124",0.09517066,0,0.750819673,1,NA
"125",0.116313359,0.113923566,0.816393443,1,NA
"126",0.032762742,0,0.754098361,1,NA
"127",0.087235059,0,0.806557378,1,NA
"128",0.065468782,0,0.822950821,1,NA
"129",0.107130763,0,0.790163935,1,NA
"130",0.484241728,0.156940575,0.498360656,1,NA
"131",0.031175687,0,0.704918033,1,NA
"132",0.023580147,0,0.721311476,1,NA
"134",0.327797856,0.163392315,0.616393443,1,NA
"135",0.051217131,0.175647955,0.593442623,1,NA
"136",0.023998095,0.213694331,0.714754099,1,NA
"138",0.059888919,0,0.596721312,1,NA
"139",0.018511729,0,0.596721312,1,NA
"140",0.108380466,0,0.747540985,1,NA
"141",0.010901759,0.175989838,0.737704918,1,NA
"142",0.173889706,0,0.596721312,1,NA
"143",0.111367904,0,0.675409837,1,NA
"146",0,0,0.626229509,1,NA
"147",0.001656502,0,0.632786886,1,NA
"148",0.001741446,0,0.665573771,1,NA
"151",0,0,0.386885247,1,NA
"154",0.115912613,0,0.619672131,1,NA
"155",0.073820578,0.147429271,0.668852459,1,NA
"156",0.010027333,0,0.547540984,1,NA
"157",0.010063536,0,0.537704919,1,NA
"159",0.227009265,0,0.73442623,1,NA
"161",0.059041873,0,0.688524591,1,NA
"162",0.00948435,0,0.681967214,1,NA
"163",0.036091197,0,0.727868853,1,NA
"164",0.019728939,0,0.695081967,1,NA
"166",0.00257019,0,0.681967214,1,NA
"167",0.000289598,0,0.750819673,1,NA
"168",0.001628994,0,0.727868853,1,NA
"169",0.000434397,0,0.724590165,1,NA
"170",0.003330382,0,0.724590165,1,NA
"172",0.063530674,0,0.616393443,1,NA
"173",0.037430574,0,0.600000001,1,NA
"174",0.049304031,0,0.619672131,1,NA
"175",0.01527631,0,0.609836066,1,NA
"176",0.001628994,0,0.629508197,1,NA
"177",0.000506797,0,0.645901639,1,NA
"178",7.24e-05,0,0.62295082,1,NA
"179",0.000760196,0,0.619672131,1,NA
"180",0.054444443,0,0.629508197,1,NA
"181",0.295969125,0,0.603278689,1,NA
"182",0.345165642,0.152038319,0.813114754,1,NA
"185",0.012923328,0,0.767213115,1,NA
"187",0.032036749,0,0.813114754,1,NA
"192",0.306612151,0,0.73442623,1,NA
"196",0.133830549,0,0.672131148,1,NA
"198",0.244058494,0,0.681967214,1,NA
"200",0.006769359,0,0.642622951,1,NA
"201",0.098572064,0,0.649180329,1,NA
"203",0.003728579,0,0.573770492,1,NA
"204",0.006407366,0.205122916,0.583606558,1,NA
"205",0.055059897,0,0.609836066,1,NA
"206",0.076019585,0,0.639344263,1,NA
"207",0.034607035,0,0.613114755,1,NA
"208",0.01042553,0,0.626229509,1,NA
"211",0.021176944,0,0.645901639,1,NA
"212",0.030082076,0,0.672131148,1,NA
"213",0.06573876,0.147419999,0.721311476,1,NA
"215",0.103350434,0.141487458,0.708196722,1,NA
"216",0.066209429,0.150995285,0.678688525,1,NA
"217",0.067295394,0.136991985,0.688524591,1,NA
"218",0.156452473,0,0.659016394,1,NA
"219",0.069364748,0.18423096,0.777049181,1,NA
"220",0.115620496,0.159358095,0.636065574,1,NA
"221",0.080943219,0.181085635,0.662295082,1,NA
"222",0.085081129,0.150158541,0.724590165,1,NA
"225",0.672676796,0.152471757,0.527868853,2,NA
"226",0.708772612,0.152226065,0.626229509,2,NA
"228",0.290024832,0.137395291,0.429508198,2,NA
"229",0.620043037,0.150353241,0.822950821,2,NA
"230",0.266585328,0.163913831,0.659016394,2,NA
"231",0.178569324,0.228803247,0.737704918,2,NA
"233",0.749404694,0.156858291,0.393442623,2,NA
"234",0.251909358,0.145687405,0.547540984,2,NA
"235",0.290652391,0.166335987,0.462295083,2,NA
"236",0.39849545,0.176638837,0.324590164,2,NA
"239",0.366739988,0.160776619,0.593442623,2,NA
"240",0.027186065,0.186945164,0.577049181,2,NA
"243",0.28607949,0.174302442,0.701639345,2,NA
"244",0.584133577,0.222526505,0.370491804,2,NA
"245",0.195089746,0.249621031,0.38032787,2,NA
"246",0.347045134,0.210734435,0.632786886,2,NA
"248",0.865525485,0.19036979,0.642622951,2,NA
"249",0.648393113,0.201215018,0.636065574,2,NA
"250",0.702950963,0.176121956,0.737704918,2,NA
"251",0.618662088,0.162764177,0.609836066,2,NA
"252",0.210065161,0.1628256,0.721311476,2,NA
"253",0.697825363,0.16745435,0.58032787,2,NA
"254",0.728472243,0.181983803,0.681967214,2,NA
"256",0.458393926,0.203362508,0.485245902,2,NA
"257",0.529325661,0.190421941,0.518032787,2,NA
"258",0.593075503,0.151516802,0.849180329,2,NA
"259",0.795439522,0.158459927,0.560655738,2,NA
"261",0.658314605,0.177723592,0.55737705,2,NA
"262",0.671493352,0.161594821,0.524590164,2,NA
"263",0.524779836,0.154119749,0.436065574,2,NA
"264",0.652891153,0.205792775,0.488524591,2,NA
"265",0.51507815,0.273798542,0.455737706,2,NA
"266",0.633946504,0.232209329,0.442622951,2,NA
"267",0.54147228,0.20823579,0.478688526,2,NA
"268",0.628674368,0.19359508,0.462295083,2,NA
"269",0.438724557,0.176709531,0.668852459,2,NA
"270",0.33540343,0.188342829,0.675409837,2,NA
"272",0.568133998,0.208282147,0.455737706,2,NA
"273",0.605069215,0.191520603,0.609836066,2,NA
"274",0.686006858,0.181333645,0.514754099,2,NA
"276",0.641891343,0.149656726,0.639344263,2,NA
"277",0.553695353,0.155114108,0.459016394,2,NA
"278",0.62409191,0.175442826,0.436065574,2,NA
"280",0.621494069,0.208503502,0.491803279,2,NA
"281",0.572869364,0.172581438,0.531147542,2,NA
"282",0.450221318,0.151076411,0.58032787,2,NA
"283",0.284448472,0.153306184,0.636065574,2,NA
"284",0.626305889,0.164236013,0.518032787,2,NA
"285",0.70942247,0.1970904,0.629508197,2,NA
"286",0.620997119,0.18852478,0.606557378,2,NA
"288",0.630928166,0.205296754,0.491803279,2,NA
"289",0.797731548,0.19466361,0.593442623,2,NA
"291",0.700330822,0.17177019,0.698360657,2,NA
"293",0.677413754,0.197142553,0.652459017,2,NA
"294",0.770268656,0.174019665,0.573770492,2,NA
"295",0.526117781,0.194996222,0.586885246,2,NA
"296",0.553695353,0.247473541,0.419672131,2,NA
"297",0.602624281,0.234251357,0.655737706,2,NA
"298",0.597277284,0.181389274,0.518032787,2,NA
"299",0.60858291,0.167785802,0.708196722,2,NA
"301",0.742079451,0.164284688,0.649180329,2,NA
"302",0.649645046,0.222000353,0.540983607,2,NA
"304",0.704150334,0.16884622,0.763934427,2,NA
"305",0.400617047,0.226543341,0.488524591,2,NA
"307",0.613283234,0.185965871,0.259016394,2,NA
"309",0.371709494,0.210440068,0.596721312,2,NA
"310",0.563435267,0.144384772,0.459016394,2,NA
"311",0.359263429,0.243373263,0.547540984,2,NA
"312",0.932077046,0.192401387,0.616393443,2,NA
"313",0.607147806,0.192912473,0.504918034,2,NA
"314",0.638022455,0.179650885,0.432786886,2,NA
"316",0.362883842,0.229245957,0.383606558,2,NA
"317",0.185523447,0.210329969,0.655737706,2,NA
"318",0.654858249,0.176270299,0.436065574,2,NA
"319",0.505667944,0.217076076,0.531147542,2,NA
"322",0.490477502,0.19539721,0.406557378,2,NA
"323",0.475342808,0.197958436,0.265573771,2,NA
"324",0.504591218,0.235175021,0.55737705,2,NA
"325",0.274004546,0.248561773,0.560655738,2,NA
"326",0.14193403,0.193158166,0.642622951,2,NA
"327",0.719079558,0.151863321,0.583606558,2,NA
"329",0.170898445,0.198952795,1.029508197,2,NA
"330",0.249461239,0.159832094,0.898360657,2,NA
"332",0.174526822,0.239770162,0.104918033,2,NA
"333",0.102709495,0.246709809,0.177049181,2,NA
"334",0.060253987,0.185861569,0.75737705,2,NA
"335",0.782904262,0.187179267,0.777049181,2,NA
"336",0.857328985,0.263058776,0.488524591,2,NA
"337",0.608208604,0.218936153,0.183606558,2,NA
"338",0.324056391,0.240437703,0.442622951,2,NA
"340",0.543418669,0.176361853,0.508196722,2,NA
"344",0.149019399,0.244435997,0.596721312,2,NA
"346",1,0.212840203,0.626229509,2,NA
"347",0.337706604,0.243647927,0.373770492,2,NA
"349",0.498083077,0.177037508,0.51147541,2,NA
"350",0.333990625,0.220164613,0.685245902,2,NA
"353",0.407329066,0.210667217,0.390163935,2,NA
"355",0.619135147,0.166754359,0.53442623,2,NA
"356",0.378021722,0.224639226,0.465573771,2,NA
"357",0.334060707,0.19238748,0.409836066,2,NA
"358",0.261252666,0.216434031,0.521311476,2,NA
"360",0.141652106,0.196062434,0.616393443,2,NA
"362",0.735799079,0.17840504,0.452459017,2,NA
"363",0.205753478,0.212869176,0.567213115,2,NA
"367",0.177457556,0.160467186,0.606557378,2,NA
"368",0.597317104,0.239706421,0.462295083,2,NA
"369",0.254379775,0.222295878,0.586885246,2,NA
"370",0.533648493,0.215014347,0.255737705,2,NA
"371",0.289633005,0.203684689,0.51147541,2,NA
"372",0.478176382,0.194395898,0.488524591,2,NA
"375",0.495931217,0.254334382,0.33442623,2,NA
"376",0.20761545,0.215889337,0.688524591,2,NA
"377",0.573829817,0.172633589,0.521311476,2,NA
"379",0.004927027,0.224832766,0.373770492,2,NA
"380",0.579054169,0.199040873,0.436065574,2,NA
"382",0.065283222,0.256057705,0.616393443,2,NA
"383",0.592135757,0.189810029,0.586885246,2,NA
"385",0.222906237,0.203615153,0.600000001,2,NA
"388",0.577676406,0.206547235,0.501639345,2,NA
"389",0.537023616,0.184754795,0.481967214,2,NA
"390",0.488914975,0.162364348,0.524590164,2,NA
"391",0.429908462,0.147122155,0.531147542,2,NA
"393",0.738693179,0.16791792,0.590163935,2,NA
"394",0.612536216,0.162941493,0.51147541,2,NA
"395",0.677297481,0.151913155,0.642622951,2,NA
"397",0.668900289,0.166265292,0.537704919,2,NA
"399",0.30744518,0.164597597,0.521311476,2,NA
"400",0.622166226,0.159417199,0.485245902,2,NA
"402",0.579340871,0.196420541,0.426229508,2,NA
"404",0.700176322,0.177463992,0.508196722,2,NA
"405",0.718928243,0.156395879,0.675409837,2,NA
"406",0.478343625,0.193530181,0.583606558,2,NA
"408",0.722077189,0.196871363,0.652459017,2,NA
"410",0.622201268,0.171290394,0.452459017,2,NA
"411",0.622274536,0.194952183,0.71147541,2,NA
"412",0.668645443,0.185424653,0.596721312,2,NA
"413",0.783979395,0.170088589,0.606557378,2,NA
"415",0.598672569,0.17371255,0.573770492,2,NA
"418",0.607143028,0.241246633,0.481967214,2,NA
"419",0.6059118,0.189371955,0.632786886,2,NA
"421",0.584807328,0.193752694,0.403278689,2,NA
"422",0.20630299,0.177039825,0.491803279,2,NA
"423",0.045684096,0.197829795,0.629508197,2,NA
"424",0.829553907,0.18946351,0.639344263,2,NA
"425",0.680013188,0.195350853,0.577049181,2,NA
"427",0.536155545,0.216300755,0.442622951,2,NA
"429",0.097160214,0.244468447,0.645901639,2,NA
"430",0.646527956,0.165939634,0.521311476,2,NA
"431",0.56714169,0.20652058,0.514754099,2,NA
"433",0.606816506,0.215808211,0.675409837,2,NA
"434",0.248222048,0.19519208,0.668852459,2,NA
"435",0.255751167,0.151243295,0.626229509,2,NA
"436",0.124823479,0.285772563,0.426229508,3,NA
"438",0.171172405,0.239489702,0.324590164,3,NA
"439",0.136725127,0.270969604,0.639344263,3,NA
"440",0.116708052,0.251826467,0.488524591,3,NA
"441",0.027367006,0.258526217,0.603278689,3,NA
"443",0.439207172,0.314547532,0.406557378,3,NA
"445",0.179308379,0.334419633,0.452459017,3,NA
"447",0.092931037,0.335802232,0.370491804,3,NA
"448",0.642864538,0.234459964,0.540983607,3,NA
"449",0.670728813,0.247277683,0.570491803,3,NA
"450",0.455135077,0.2939314,0.314754099,3,NA
"451",0.39380309,0.34253675,0.406557378,3,NA
"453",0.195456087,0.334396454,0.419672131,3,NA
"454",0.126397952,0.286755332,0.455737706,3,NA
"455",0.331483573,0.416199233,0.242622951,3,NA
"456",0.187430017,0.290062907,0.626229509,3,NA
"457",0.088665385,0.281753409,0.029508197,3,NA
"458",0.122998778,0.30053496,0.049180328,3,NA
"461",0.423682245,0.299225374,0.419672131,3,NA
"462",0.38132517,0.294121464,0.118032788,3,NA
"463",0.218919483,0.258098573,0.157377049,3,NA
"464",0.113560062,0.304171669,0.226229508,3,NA
"468",0.394343046,0.351461637,0.144262296,3,NA
"469",0.244529959,0.380338591,0.213114755,3,NA
"474",0.103673134,0.342294534,0.091803279,3,NA
"475",0.073631195,0.331174641,0.088524591,3,NA
"476",0.35177413,0.328673679,0.278688525,3,NA
"477",0.304840968,0.34585939,0.304918033,3,NA
"479",0.02692437,0.337175559,0.059016394,3,NA
"481",0.23143563,0.286493415,0.295081968,3,NA
"483",0.587065905,0.263095861,0.619672131,3,NA
"484",0.500453149,0.314451341,0.311475411,3,NA
"485",0.242432254,0.317414714,0.06885246,3,NA
"487",0.311302918,0.262624179,0.403278689,3,NA
"489",0.197880315,0.323383183,0.04590164,3,NA
"490",0.38249587,0.346562858,0.373770492,3,NA
"491",0.216699133,0.328766393,0.137704919,3,NA
"494",0.171748996,0.248486442,0.593442623,3,NA
"495",0.076351841,0.232335652,0.668852459,3,NA
"496",0.163472857,0.391658979,0.196721312,3,NA
"497",0.159392128,0.306807067,0.160655739,3,NA
"499",0.084287441,0.368175666,0.127868853,3,NA
"500",0.281430135,0.332444823,0.186885247,3,NA
"501",0.079922877,0.341246865,0.114754099,3,NA
"504",0.12294526,0.309212996,0.075409836,3,NA
"506",0.653950359,0.277278796,0.53442623,3,NA
"507",0.159505215,0.330915042,0.331147542,3,NA
"508",0.389808372,0.302690562,0.360655738,3,NA
"510",0.275082865,0.276187087,0.773770493,3,NA
"518",0.26659807,0.348962993,0.062295083,3,NA
"519",0.468952533,0.254816495,0.439344263,3,NA
"520",0.372996469,0.329097846,0.186885247,3,NA
"521",0.181648188,0.316754127,0.160655739,3,NA
"522",0.145014646,0.317338225,0.193442624,3,NA
"523",0.221893222,0.355537579,0.104918033,3,NA
"525",0.149545338,0.38834561,0.055737705,3,NA
"529",0.501977449,0.349146103,0.419672131,3,NA
"531",0.189223498,0.303952632,0.111475411,3,NA
"532",0.300365227,0.256965144,0.24590164,3,NA
"534",0.159774397,0.344289045,0.236065575,3,NA
"535",0.34361745,0.279889856,0.160655739,3,NA
"536",0.169507939,0.263243045,0.2,3,NA
"539",0.340149945,0.256771604,0.488524591,3,NA
"540",0.438724557,0.267271471,0.180327869,3,NA
"541",0.346675608,0.333979242,0.121311476,3,NA
"542",0.347312723,0.333604908,0.242622951,3,NA
"544",0.459276332,0.285996236,0.442622951,3,NA
"545",0.384775154,0.344931091,0.262295083,3,NA
"547",0.283983378,0.349724407,0.095081968,3,NA
"549",0.095355104,0.309160845,0.170491804,3,NA
"553",0.269797986,0.33407775,0.216393443,3,NA
"554",0.399514836,0.308515323,0.426229508,3,NA
"555",0.466835715,0.363933997,0.396721312,3,NA
"556",0.306409866,0.331363546,0.439344263,3,NA
"557",0.364430442,0.368642712,0.186885247,3,NA
"559",0.393949627,0.358130096,0.229508197,3,NA
"561",0.355765663,0.264783258,0.540983607,3,NA
"562",0.542058426,0.319975941,0.468852459,3,NA
"564",0.11748422,0.33354928,0.052459017,3,NA
"567",0.397433059,0.402753376,0.485245902,3,NA
"568",0.072631242,0.349876226,0.104918033,3,NA
"569",0.286192578,0.299637951,0.177049181,3,NA
"571",0.221800841,0.377196744,0.190163935,3,NA
"572",0.481637515,0.24352624,0.324590164,3,NA
"573",0.499303154,0.270472424,0.419672131,3,NA
"575",0.41369067,0.250598006,0.226229508,3,NA
"577",0.15880837,0.287067083,0.596721312,3,NA
"578",0.191677989,0.382360917,0.180327869,3,NA
"582",0.530072679,0.273534306,0.51147541,3,NA
"583",0.450144864,0.259061641,0.429508198,3,NA
"585",0.120564676,0.345036552,0.036065574,3,NA
"587",0.70010146,0.51915009,0.550819673,4,NA
"588",0.054960347,0.395393038,0.091803279,4,NA
"589",0.130718715,0.389504536,0.029508197,4,NA
"590",0.262133479,0.404029353,0.337704919,4,NA
"591",0.026363388,0.496338953,0.02295082,4,NA
"592",0.080152079,0.453817965,0.075409836,4,NA
"593",0.114973822,0.448193698,0.081967213,4,NA
"594",0.340014558,0.430868916,0.186885247,4,NA
"595",0.183709258,0.456890277,0.121311476,4,NA
"597",0.125949423,0.404762953,0.301639344,4,NA
"598",0.251554165,0.383330938,0.24590164,4,NA
"599",0.336269908,0.422757595,0.049180328,4,NA
"600",0.420326235,0.428158189,0.442622951,4,NA
"601",0.16669985,0.396875304,0.085245902,4,NA
"602",0.327272234,0.430999874,0.26885246,4,NA
"603",0.298821812,0.439820459,0.226229508,4,NA
"604",0.176635677,0.433543717,0.016393443,4,NA
"605",0.053019851,0.455548241,0.180327869,4,NA
"606",0.205780555,0.431898042,0.006557377,4,NA
"608",0.047966723,0.444266098,0.04590164,4,NA
"609",0.389300271,0.41424992,0.462295083,4,NA
"610",0.172277802,0.535736637,0.180327869,4,NA
"611",0.141044297,0.516641015,0.147540984,4,NA
"612",0.111898144,0.551298692,0.147540984,4,NA
"613",0.143058221,0.491143489,0.114754099,4,NA
"614",0.188388876,0.461717204,0.209836066,4,NA
"615",0.256238562,0.386030077,0.2,4,NA
"616",0.134306953,0.405919561,0.039344263,4,NA
"617",0.052873314,0.322968287,0.026229509,4,NA
"618",0.027205656,0.405592744,0.019672132,4,NA
"621",0.050896024,0.470511132,0.06885246,4,NA
"622",0.141190834,0.642267415,0.311475411,4,NA
"623",0.186886875,0.583461201,0.190163935,4,NA
"624",0.193404573,0.566196683,0,4,NA
"627",0.220142746,0.465944965,0.131147541,4,NA
"628",0.21647455,0.450593833,0.147540984,4,NA
"629",0.193113093,0.497473542,0.147540984,4,NA
"630",0.031855807,0.490437703,0.062295083,4,NA
"631",0.100924933,0.388467297,0.131147541,4,NA
"632",0.20228438,0.483996393,0.095081968,4,NA
"634",0.257694372,0.450400293,0.196721312,4,NA
"635",0.103386591,0.617672691,0.196721312,4,NA
"636",0.132056818,0.609800108,0.2,4,NA
"637",0.182253448,0.423680099,0.173770492,4,NA
"639",0.214544087,0.471208806,0.144262296,4,NA
"640",0.145861055,0.386210869,0.085245902,4,NA
"641",0.22579078,0.444474705,0.062295083,4,NA
"642",0.171296643,0.392447048,0.144262296,4,NA
"643",0.28279197,0.335269126,0.137704919,4,NA
"644",0.104545027,0.37647705,0.186885247,4,NA
"646",0.324736513,0.452974267,0.314754099,4,NA
"647",0.047976758,0.376253379,0.121311476,4,NA
"648",0.150253174,0.422429618,0.127868853,4,NA
"649",0.094408988,0.375941627,0.160655739,4,NA
"650",0.167532879,0.473692384,0.118032788,4,NA
"651",0.08470746,0.492776415,0.278688525,4,NA
"652",0.10304876,0.439362684,0.150819672,4,NA
"653",0.097063691,0.643382301,0.360655738,4,NA
"655",0.207545366,0.563306323,0.085245902,4,NA
"657",0.236215594,0.698128798,0.098360656,4,NA
"660",0.160534158,0.534854693,0.088524591,4,NA
"661",0.126795831,0.482130522,0.13442623,4,NA
"662",0.159326823,0.553665218,0.170491804,4,NA
"663",0.139634678,0.616292411,0.183606558,4,NA
"664",0.193837812,0.568578276,0.091803279,4,NA
"665",0.310449183,0.480023596,0.236065575,4,NA
"666",0.183073735,0.595906906,0.26885246,4,NA
"667",0.043681002,0.663166324,0.114754099,4,NA
"668",0.095326116,0.608987702,0.13442623,4,NA
"669",0.108454531,0.554661895,0.131147541,4,NA
"670",0.089727139,0.594546327,0.13442623,4,NA
"671",0.04836285,0.624138338,0.157377049,4,NA
"672",0.120955547,0.558509529,0.259016394,4,NA
"673",0.163139963,0.548564786,0.13442623,4,NA
"674",0.116128914,0.58863001,0.390163935,4,NA
"675",0.327342318,0.628398549,0.114754099,4,NA
"676",0.227044307,0.646023493,0.272131148,4,NA
"677",0.256487037,0.581817845,0.22295082,4,NA
"678",0.102131631,0.598670944,0.121311476,4,NA
"679",0.219032571,0.531009378,0.196721312,4,NA
"680",0.155803889,0.512976492,0.203278689,4,NA
"681",0.174096768,0.506616307,0.173770492,4,NA
"682",0.317158016,0.547480032,0.13442623,4,NA
"683",0.0701793,0.44025042,0.104918033,4,NA
"684",0.264113317,0.456504355,0.209836066,4,NA
"685",0.15392153,0.586481362,0.216393443,4,NA
"686",0.285977551,0.536473713,0.419672131,4,NA
"687",0.137447139,0.622793985,0.154098361,4,NA
"688",0.051351562,0.579875485,0.065573771,4,NA
"689",0.028203062,0.668160135,0.144262296,4,NA
"690",0.112812087,0.63733155,0.091803279,4,NA
"691",0.091702199,0.563098874,0.088524591,4,NA
"692",0.116804576,0.590288433,0.072131148,4,NA
"693",0.052710691,0.587250888,0.06885246,4,NA
"694",0.036400517,0.564666902,0.075409836,4,NA
"695",0.08792203,0.557033057,0.255737705,4,NA
"696",0.042899102,0.508977039,0.173770492,4,NA
"697",0.106865564,0.560750891,0.118032788,4,NA
"698",0.024210414,0.61174015,0.04590164,4,NA
"699",0.039246355,0.568199307,0.06885246,4,NA
"700",0.041115177,0.562740766,0.04590164,4,NA
"701",0.052243525,0.621329103,0.140983607,4,NA
"702",0.079851838,0.612576894,0.04590164,4,NA
"703",0.028457908,0.685446673,0.072131148,4,NA
"704",0.022426489,0.450060727,0.062295083,4,NA
"705",0.04481045,0.521155031,0.049180328,4,NA
"706",0.077006159,0.562209978,0.059016394,4,NA
"707",0.064731001,0.60329274,0.036065574,4,NA
"708",0.044088438,0.521783169,0.042622952,4,NA
"709",0.101938585,0.571927571,0.06885246,4,NA
"711",0.16284689,0.691619112,0.04590164,4,NA
"712",0.013889132,0.663880222,0.114754099,4,NA
"713",0.033002617,0.665310337,0.049180328,4,NA
"714",0.021109729,0.589543244,0.055737705,4,NA
"715",0.019835497,0.528107428,0.085245902,4,NA
"716",0.086775221,0.569388365,0.140983607,4,NA
"717",0.124152755,0.513033279,0.183606558,4,NA
"718",0.158599395,0.634501453,0.298360656,4,NA
"719",0.170874553,0.761095555,0.180327869,4,NA
"721",0.04952511,0.562645734,0.157377049,4,NA
"722",0.006116315,0.74595303,0.137704919,4,NA
"723",0.075264602,0.709924345,0.13442623,4,NA
"724",0.144837687,0.642559464,0.104918033,4,NA
"727",0.079299778,0.629945716,0.06885246,4,NA
"728",0.116294883,0.555172981,0.065573771,4,NA
"730",0.181832952,0.547170599,0.432786886,4,NA
"731",0.218785688,0.550770222,0.121311476,4,NA
"732",0.214792563,0.559471437,0.291803279,4,NA
"733",0.086520374,0.721776679,0.06885246,4,NA
"734",0.035593609,0.554805602,0.049180328,4,NA
"735",0.006328682,0.422151476,0.072131148,4,NA
"736",0.086223,0.583020809,0.127868853,4,NA
"737",0.088176876,0.708736446,0.049180328,4,NA
"739",0.160341431,0.623766323,0.216393443,4,NA
"740",0.050119858,0.664791138,0.062295083,4,NA
"741",0.138041887,0.655204504,0.049180328,4,NA
"742",0.01265738,0.581189707,0.052459017,4,NA
"743",0.144285625,0.576604996,0.160655739,4,NA
"744",0.111665278,0.670067727,0.013114755,4,NA
"745",0.054069977,0.580222003,0.042622952,4,NA
"746",0.312781028,0.415473746,0.186885247,4,NA
"747",0.255144315,0.515711557,0.360655738,4,NA
"748",0.095057731,0.617001674,0.137704919,4,NA
"749",0.052031206,0.539128812,0.186885247,4,NA
"750",0.040520588,0.53751327,0.13442623,4,NA
"751",0.145177588,0.522054358,0.121311476,4,NA
"752",0.025866916,0.561198236,0.180327869,4,NA
"753",0.023700721,0.519640316,0.186885247,4,NA
"754",0.072079022,0.516425456,0.216393443,4,NA
"755",0.134431509,0.629975847,0.35737705,4,NA
"756",0.023445874,0.647924132,0.091803279,4,NA
"757",0.147301256,0.611465485,0.091803279,4,NA
"758",0.117951385,0.642551352,0.140983607,4,NA
"759",0.001868869,0.562949373,0.127868853,4,NA
"760",0.11238729,0.45353171,0.13442623,4,NA
"762",0.134516405,0.591768381,0.101639345,4,NA
"763",0.035678505,0.659451967,0.088524591,4,NA
"765",0.117229373,0.609538191,0.042622952,4,NA
"766",0.126658692,0.556905575,0.062295083,4,NA
"768",0.009811589,0.610633376,0.055737705,4,NA
"770",0.071866703,0.702326428,0.186885247,4,NA
"771",0.048633147,0.478690831,0.206557377,4,NA
"772",0.178986635,0.66542623,0.052459017,4,NA
"773",0.146876458,0.605377647,0.049180328,4,NA
"774",0.092636689,0.605226987,0.065573771,4,NA
"775",0.032280605,0.573340303,0.042622952,4,NA
"776",0.010448705,0.697354636,0.075409836,4,NA
"778",0.210673607,0.639256526,0.104918033,4,NA
"779",0.073353253,0.591527325,0.04590164,4,NA
"780",0.181366264,0.664997426,0.281967214,4,NA
"781",0.056363596,0.492838997,0.052459017,4,NA
"782",0.137107397,0.651186508,0.059016394,4,NA
"783",0.158641924,0.535944084,0.167213115,4,NA
"784",0.161233393,0.633859408,0.219672132,4,NA
"785",0.072503819,0.593868355,0.052459017,4,NA
"787",0.00144413,0.519906868,0.039344263,4,NA
"788",0.042431936,0.518462847,0.042622952,4,NA
"791",0.026758878,0.649464344,0.055737705,4,NA
"792",0.175716636,0.648060885,0.321311476,4,NA
"793",0.225964395,0.579814062,0.065573771,4,NA
"794",0.199374352,0.41261004,0.078688525,4,NA
"795",0.039713521,0.501153131,0.108196721,4,NA
"796",0.084269284,0.530455412,0.442622951,4,NA
"797",0.220569613,0.677591473,0.150819672,4,NA
"798",0.043153948,0.686569672,0.029508197,4,NA
"799",0.027268572,0.561440452,0.085245902,4,NA
"800",0.113788945,0.684425659,0.249180328,4,NA
"801",0.062182537,0.604856131,0.065573771,4,NA
"802",0.067874055,0.669111614,0.052459017,4,NA
"803",0.123303161,0.591632787,0.059016394,4,NA
"804",0.017754357,0.564438593,0.078688525,4,NA
"805",0.146706667,0.611812003,0.052459017,4,NA
"807",0.037122688,0.651644284,0.049180328,4,NA
"808",0.152398185,0.623358381,0.321311476,4,NA
"809",0.163058731,0.46730902,0.04590164,4,NA
"810",0.195467237,0.499590899,0.311475411,4,NA
"811",0.116252514,0.558015826,0.036065574,4,NA
"812",0.356190937,0.57660152,0.416393443,4,NA
"813",0.163272165,0.660768507,0.049180328,4,NA
"814",0.193175211,0.419841737,0.183606558,4,NA
"815",0.084740909,0.382386414,0.209836066,4,NA
"817",0.187676899,0.371338374,0.065573771,4,NA
"818",0.146978875,0.369317208,0.019672132,4,NA
"819",0.129180398,0.370296499,0.213114755,4,NA
"820",0.202754253,0.375109519,0.137704919,4,NA
"821",0.05452902,0.42034587,0.154098361,4,NA
"822",0.068132883,0.519569621,0.039344263,4,NA
"823",0.189037142,0.432702337,0.226229508,4,NA
"824",0.094887302,0.360700594,0.042622952,4,NA
"825",0.265333395,0.407851491,0.206557377,4,NA
"826",0.184502468,0.41421747,0.104918033,4,NA
"827",0.007312102,0.406065586,0.059016394,4,NA
"829",0.098684992,0.303183106,0.206557377,4,NA
"830",0.061614389,0.407739075,0.081967213,4,NA
"831",0.186600173,0.348989648,0.036065574,4,NA
"832",0.308354663,0.419724685,0.331147542,4,NA
"833",0.262442481,0.381392055,0.173770492,4,NA
"835",0.214998033,0.397020169,0.163934427,4,NA
"836",0.135302128,0.351000384,0.137704919,4,NA
"837",0.171862083,0.412723615,0.144262296,4,NA
"838",0.17378936,0.391653184,0.232786886,4,NA
"839",0.32649336,0.402454373,0.163934427,4,NA
"840",0.114896253,0.393486605,0.259016394,4,NA
"841",0.126006126,0.407309113,0.114754099,4,NA
"843",0.170672269,0.425469481,0.095081968,4,NA
"844",0.161943778,0.373965659,0.203278689,4,NA
"845",0.172656885,0.42480194,0.173770492,4,NA
"847",0.275479469,0.394132127,0.114754099,4,NA
"848",0.180025134,0.420227659,0.055737705,4,NA
"849",0.361467852,0.398599785,0.180327869,4,NA
"850",0.237714409,0.389688805,0.111475411,4,NA
"851",0.221221065,0.533947254,0.154098361,4,NA
"852",0.094009993,0.518541654,0.075409836,4,NA
"853",0.197010651,0.469544588,0.062295083,4,NA
"854",0.168163624,0.524238933,0.144262296,4,NA
"855",0.102257143,0.432308302,0.177049181,4,NA
"856",0.195559618,0.489835061,0.052459017,4,NA
"857",0.150536372,0.44181613,0.33442623,4,NA
"859",0.200549831,0.474685583,0.065573771,4,NA
"860",0.155173145,0.407580301,0.075409836,4,NA
"861",0.2914456,0.426492812,0.039344263,4,NA
"862",0.061658668,0.547660824,0.036065574,4,NA
"863",0.121476867,0.535817761,0.019672132,4,NA
"864",0.218247325,0.536933806,0.144262296,4,NA
"865",0.196301859,0.506327735,0.114754099,4,NA
"866",0.115565863,0.459607958,0.118032788,4,NA
"867",0.097230934,0.437730916,0.013114755,4,NA
"868",0.207558109,0.418966748,0.019672132,4,NA
"870",0.067392714,0.556564851,0.039344263,4,NA
"871",0.06289754,0.465102426,0.032786885,4,NA
"873",0.329424094,0.406708789,0.272131148,4,NA
"874",0.093443756,0.576219073,0.06885246,4,NA
"875",0.28790642,0.470808976,0.242622951,4,NA
"876",0.104239211,0.504890666,0.032786885,4,NA
"877",0.13584734,0.518786187,0.016393443,4,NA
"878",0.08286046,0.533990135,0.029508197,4,NA
"879",0.155102424,0.509584316,0.33442623,4,NA
"880",0.136165899,0.48587733,0.042622952,4,NA
"881",0.067038795,0.456674717,0.039344263,4,NA
"882",0.197754484,0.515506427,0.213114755,4,NA
"883",0.106469118,0.455716285,0.02295082,4,NA
"885",0.220407149,0.387007051,0.209836066,4,NA
"886",0.073976194,0.582965181,0.009836066,4,NA
"887",0.04983666,0.566657936,0.095081968,4,NA
"888",0.133759033,0.616629658,0.032786885,4,NA
"889",0.092134005,0.519050422,0.091803279,4,NA
"890",0.100699713,0.468082024,0.262295083,4,NA
"891",0.122538621,0.572957856,0.600000001,4,NA
"892",0.211911205,0.507458847,0.203278689,4,NA
"893",0.230742766,0.461663893,0.032786885,4,NA
"894",0.111884606,0.388044289,0.052459017,4,NA
"895",0.29671933,0.333608385,0.104918033,4,NA
"896",0.160269755,0.582940843,0.009836066,4,NA
"897",0.122290942,0.566402972,0.032786885,4,NA
"899",0.129936336,0.507580534,0.101639345,4,NA
"900",0.08951482,0.532256382,0.052459017,4,NA
"901",0.096558458,0.479243638,0.183606558,4,NA
"902",0.060455315,0.526746849,0.02295082,4,NA
"904",0.126644517,0.509130017,0.121311476,4,NA
"906",0.136944614,0.514124988,0.095081968,4,NA
"907",0.244404129,0.508044104,0.295081968,4,NA
"908",0.330132887,0.486519375,0.2,4,NA
"909",0.171314164,0.532569292,0.095081968,4,NA
"910",0.163350212,0.463421983,0.019672132,4,NA
"911",0.142395461,0.472940241,0.026229509,4,NA
"912",0.076489299,0.520807354,0.02295082,4,NA
"913",0.059888919,0.419418729,0.032786885,4,NA
"914",0.1492975,0.512543054,0.154098361,4,NA
"915",0.229787091,0.44147077,0.370491804,4,NA
"917",0.116309059,0.604844541,0.026229509,4,NA
"918",0.073940835,0.51921499,0.088524591,4,NA
"919",0.141758345,0.534432845,0.140983607,4,NA
"920",0.202391097,0.49476745,0.154098361,4,NA
"921",0.109654699,0.477619983,0.249180328,4,NA
"922",0.272118682,0.40934071,0.272131148,4,NA
"923",0.259483076,0.380075515,0.281967214,4,NA
"924",0.113335956,0.489723804,0.029508197,4,NA
"925",0.081019991,0.573544273,0.111475411,4,NA
"926",0.05475663,0.592249336,0.059016394,4,NA
"927",0.189860615,0.594774635,0.213114755,4,NA
"929",0.140731951,0.498657963,0.177049181,4,NA
"931",0.179524998,0.45116982,0.147540984,4,NA
"932",0.231061324,0.401826235,0.029508197,4,NA
"933",0.197010651,0.387080063,0.095081968,4,NA
"935",0.054898228,0.475377462,0.154098361,4,NA
"936",0.130360974,0.592202979,0.163934427,4,NA
"937",0.146005839,0.544777416,0.02295082,4,NA
"938",0.080807512,0.508412642,0.029508197,4,NA
"939",0.112981879,0.568653606,0.036065574,4,NA
"940",0.136767655,0.477654751,0.308196722,4,NA
"941",0.29002961,0.421796845,0.016393443,4,NA
"942",0.116344419,0.487454628,0.229508197,4,NA
"945",0.076276979,0.476669665,0.036065574,4,NA
"947",0.055747663,0.593666702,0.232786886,4,NA
"948",0.04473973,0.659381273,0.02295082,4,NA
"949",0.060915313,0.587045759,0.039344263,4,NA
"951",0.089160902,0.539117223,0.098360656,4,NA
"952",0.129051382,0.478992152,0.088524591,4,NA
"953",0.066224721,0.477362702,0.055737705,4,NA
"956",0.106539997,0.414128233,0.209836066,4,NA
"958",0.144943926,0.50008576,0.098360656,4,NA
"959",0.077763531,0.587901046,0.118032788,4,NA
"960",0.175879101,0.561529689,0.088524591,4,NA
"961",0.163527011,0.56498097,0.039344263,4,NA
"962",0.219521558,0.541541696,0.242622951,4,NA
"963",0.161120305,0.466296119,0.039344263,4,NA
"964",0.28864866,0.421676316,0.393442623,4,NA
"965",0.158394085,0.44842896,0.036065574,4,NA
"966",0.024458252,0.387615487,0.032786885,4,NA
"967",0.1061152,0.457495237,0.160655739,4,NA
"968",0.160730071,0.37421251,0.196721312,4,NA
"969",0.055570704,0.479113839,0.049180328,4,NA
"970",0.034298033,0.57391397,0.114754099,4,NA
"971",0.023113141,0.394208616,0.072131148,4,NA
"972",0.115211785,0.546202895,0.032786885,4,NA
"973",0.043961015,0.53623961,0.039344263,4,NA
"975",0.10108915,0.497007653,0.111475411,4,NA
"976",0.109194701,0.536890926,0.04590164,4,NA
"977",0.11606138,0.503899785,0.016393443,4,NA
"978",0.173684236,0.526140731,0.013114755,4,NA
"979",0.147244552,0.465364343,0.219672132,4,NA
"980",0.212938555,0.436470005,0.147540984,4,NA
"981",0.194850827,0.434221688,0.049180328,4,NA
"982",0.113406676,0.412430406,0.167213115,4,NA
"983",0.124096051,0.345077115,0.104918033,4,NA
"984",0.12631895,0.665009016,0.049180328,4,NA
"985",0.231953286,0.51629102,0.229508197,4,NA
"986",0.111367904,0.613723072,0.055737705,4,NA
"987",0.088898888,0.469329028,0.029508197,4,NA
"988",0.173677865,0.612524743,0.055737705,4,NA
"989",0.087794606,0.572124589,0.186885247,4,NA
"990",0.079724415,0.429120097,0.04590164,4,NA
"991",0.046382056,0.484494731,0.049180328,4,NA
"992",0.235095862,0.558681049,0.081967213,4,NA
"993",0.051054189,0.623423281,0.049180328,4,NA
"994",0.097223925,0.637040659,0.049180328,4,NA
"995",0.024890058,0.498926835,0.059016394,4,NA
"996",0.175206944,0.60583774,0.242622951,4,NA
"997",0.210291337,0.573888474,0.055737705,4,NA
"998",0.1585145,0.518956549,0.288524591,4,NA
"999",0.178519948,0.405450196,0.236065575,4,NA
"1000",0.235562549,0.474743529,0.35737705,4,NA
"1001",0.072164076,0.410847314,0.039344263,4,NA
"1002",0.116167459,0.479540323,0.101639345,4,NA
"1003",0.153757313,0.65844602,0.085245902,4,NA
"1004",0.192281656,0.614928355,0.209836066,4,NA
"1005",0.029647086,0.487923993,0.059016394,4,NA
"1006",0.227366051,0.619870015,0.147540984,4,NA
"1008",0.083292265,0.454358024,0.049180328,4,NA
"1009",0.10355256,0.491229249,0.075409836,4,NA
"1010",0.32752071,0.438342828,0.26885246,4,NA
"1011",0.19088,0.387522773,0.219672132,4,NA
"1012",0.307260416,0.466876741,0.039344263,4,NA
"1013",0.076071669,0.627018269,0.183606558,4,NA
"1014",0.138424157,0.627516607,0.059016394,4,NA
"1015",0.006880854,1,0.052459017,4,NA
"1016",0.027013725,0.838934808,0.059016394,4,NA
"1018",0.033937107,0.548997065,0.137704919,4,NA
"1019",0.035678505,0.537713764,0.065573771,4,NA
"1020",0.134516405,0.508644428,0.383606558,4,NA
"1021",0.191177853,0.496427032,0.059016394,4,NA
"1022",0.027395995,0.53683298,0.062295083,4,NA
"1023",0.013719229,0.605057784,0.06885246,4,NA
"1024",0.010236338,0.725399481,0.039344263,4,NA
"1026",0.053178015,0.612375242,0.065573771,4,NA
"1027",0.076453939,0.589254672,0.06885246,4,NA
"1028",0.162676461,0.588623057,0.036065574,4,NA
"1029",0.061417997,0.542932406,0.108196721,4,NA
"1030",0.298425208,0.623507883,0.072131148,4,NA
"1031",0.364557865,0.505794629,0.062295083,4,NA
"1032",0.062055114,0.719170256,0.065573771,4,NA
"1033",0.03313004,0.64194871,0.052459017,4,NA
"1034",0.310275569,0.490044827,0.13442623,4,NA
"1035",0.32272004,0.502272654,0.13442623,4,NA
"1036",0.203283059,0.533373587,0.2,4,NA
"1037",0.193301042,0.520247592,0.121311476,4,NA
"1038",0.14513506,0.485740577,0.104918033,4,NA
"1039",0.11935304,0.487252975,0.065573771,4,NA
"1040",0.126743588,0.529786711,0.24590164,4,NA
"1041",0.258032044,0.504053922,0.062295083,4,NA
"1042",0.108522066,0.646881099,0.072131148,4,NA
"1043",0.246520948,0.638693287,0.259016394,4,NA
"1044",0.238281443,0.54584131,0.06885246,4,NA
"1045",0.341960948,0.477530746,0.232786886,4,NA
"1046",0.0975213,0.563608802,0.163934427,4,NA
"1047",0.112599609,0.575602525,0.236065575,4,NA
"1049",0.109074286,0.626783007,0.111475411,4,NA
"1050",0.15758001,0.625491964,0.167213115,4,NA
"1051",0.317072005,0.540815049,0.327868853,4,NA
"1052",0.252637263,0.433826495,0.24590164,4,NA
"1053",0.109414028,0.41258802,0.137704919,4,NA
"1055",0.08715749,0.54625157,0.327868853,4,NA
"1056",0.170492284,0.603694887,0.088524591,4,NA
"1057",0.200224902,0.578811591,0.170491804,4,NA
"1058",0.126956066,0.531612019,0.163934427,4,NA
"1059",0.150911633,0.468664964,0.095081968,4,NA
"1060",0.209440787,0.410221494,0.118032788,4,NA
"1061",0.165097502,0.448177473,0.085245902,4,NA
"1062",0.176947863,0.502525299,0.118032788,4,NA
"1063",0.201158277,0.429347246,0.052459017,4,NA
"1064",0.179114058,0.372803256,0.052459017,4,NA
"1065",0.206213794,0.391051702,0.33442623,4,NA
"1066",0.128612568,0.547715293,0.081967213,4,NA
"1067",0.298977906,0.445021718,0.373770492,4,NA
"1068",0.154097214,0.443981003,0.095081968,4,NA
"1071",0.314013847,0.389220599,0.2,4,NA
"1072",0.164715233,0.447469369,0.304918033,4,NA
"1073",0.346675608,0.468493443,0.190163935,4,NA
"1074",0.247328493,0.521443604,0.075409836,4,NA
"1075",0.161911921,0.448221513,0.177049181,4,NA
"1076",0.254464193,0.498903656,0.229508197,4,NA
"1077",0.207274592,0.461017212,0.052459017,4,NA
"1078",0.218191577,0.408625653,0.163934427,4,NA
"1080",0.268480749,0.497796882,0.216393443,4,NA
"1081",0.246393524,0.506363662,0.114754099,4,NA
"1082",0.242698251,0.585061678,0.081967213,4,NA
"1083",0.217086181,0.562937784,0.180327869,4,NA
"1084",0.211606982,0.483260476,0.154098361,4,NA
"1085",0.081678292,0.466566149,0.062295083,4,NA
"1086",0.038142074,0.49444411,0.059016394,4,NA
"1087",0.224221882,0.385224623,0.085245902,4,NA
"1088",0.110178568,0.429295095,0.06885246,4,NA
